{
  "ytd_revenue": 11826143.551801875,
  "marketing_spend": 1309512.9630578677,
  "overall_roi": 11.196424449672925,
  "previous_ytd_revenue": 24616623.059328455,
  "previous_marketing_spend": 2603177.102370078,
  "previous_overall_roi": 9.591192949997838
}
